journey_id,split
12001_2026-05-01,train
12001_2026-05-03,train
12001_2026-05-05,train
12001_2026-05-06,test
12001_2026-05-07,train
12001_2026-05-08,train
12001_2026-05-09,train
12001_2026-05-10,train
12001_2026-05-11,train
12001_2026-05-13,train
12001_2026-05-14,train
12001_2026-05-15,val
12001_2026-05-18,train
12001_2026-05-19,val
12001_2026-05-21,train
12001_2026-05-22,test
12001_2026-05-23,train
12001_2026-05-25,test
12001_2026-05-26,train
12001_2026-05-27,train
12001_2026-05-28,train
12001_2026-05-29,train
12001_2026-05-31,train
12001_2026-06-01,train
12001_2026-06-02,test
12001_2026-06-03,test
12001_2026-06-04,train
12001_2026-06-05,train
12001_2026-06-06,train
12001_2026-06-07,train
12001_2026-06-08,test
12001_2026-06-09,train
12001_2026-06-10,train
12001_2026-06-11,test
12001_2026-06-12,val
12001_2026-06-13,train
12001_2026-06-14,val
12001_2026-06-15,train
12001_2026-06-16,train
12001_2026-06-17,train
12001_2026-06-18,train
12001_2026-06-19,train
12001_2026-06-20,train
12002_2026-05-01,train
12002_2026-05-02,train
12002_2026-05-03,train
12002_2026-05-04,train
12002_2026-05-05,train
12002_2026-05-06,train
12002_2026-05-07,test
12002_2026-05-09,train
12002_2026-05-11,train
12002_2026-05-12,train
12002_2026-05-13,train
12002_2026-05-14,train
12002_2026-05-15,train
12002_2026-05-18,train
12002_2026-05-19,train
12002_2026-05-21,train
12002_2026-05-22,train
12002_2026-05-23,train
12002_2026-05-25,train
12002_2026-05-26,train
12002_2026-05-27,test
12002_2026-05-28,val
12002_2026-05-29,train
12002_2026-05-30,train
12002_2026-05-31,val
12002_2026-06-01,test
12002_2026-06-02,test
12002_2026-06-03,val
12002_2026-06-04,test
12002_2026-06-05,train
12002_2026-06-06,test
12002_2026-06-07,train
12002_2026-06-08,test
12002_2026-06-09,train
12002_2026-06-10,train
12002_2026-06-11,train
12002_2026-06-12,test
12002_2026-06-13,train
12002_2026-06-14,val
12002_2026-06-15,train
12002_2026-06-16,val
12002_2026-06-17,train
12002_2026-06-18,test
12002_2026-06-19,train
12002_2026-06-20,train
12009_2026-05-01,train
12009_2026-05-02,test
12009_2026-05-04,val
12009_2026-05-05,train
12009_2026-05-06,val
12009_2026-05-07,val
12009_2026-05-09,train
12009_2026-05-11,train
12009_2026-05-12,train
12009_2026-05-13,test
12009_2026-05-14,train
12009_2026-05-15,train
12009_2026-05-18,train
12009_2026-05-19,train
12009_2026-05-21,test
12009_2026-05-22,test
12009_2026-05-25,train
12009_2026-05-26,train
12009_2026-05-27,val
12009_2026-05-28,train
12009_2026-05-29,train
12009_2026-05-30,test
12009_2026-06-01,train
12009_2026-06-02,val
12009_2026-06-03,test
12009_2026-06-04,train
12009_2026-06-05,train
12009_2026-06-06,val
12009_2026-06-08,train
12009_2026-06-09,train
12009_2026-06-10,val
12009_2026-06-11,train
12009_2026-06-12,val
12009_2026-06-13,train
12009_2026-06-15,train
12009_2026-06-16,train
12009_2026-06-17,train
12009_2026-06-18,train
12009_2026-06-19,train
12009_2026-06-20,train
12010_2026-05-01,val
12010_2026-05-02,test
12010_2026-05-04,val
12010_2026-05-06,val
12010_2026-05-07,train
12010_2026-05-08,train
12010_2026-05-09,train
12010_2026-05-11,train
12010_2026-05-12,train
12010_2026-05-14,train
12010_2026-05-15,train
12010_2026-05-18,train
12010_2026-05-19,train
12010_2026-05-21,train
12010_2026-05-22,train
12010_2026-05-23,test
12010_2026-05-25,test
12010_2026-05-26,train
12010_2026-05-27,train
12010_2026-05-28,test
12010_2026-05-29,val
12010_2026-05-30,val
12010_2026-06-01,train
12010_2026-06-02,train
12010_2026-06-03,train
12010_2026-06-04,train
12010_2026-06-05,train
12010_2026-06-06,train
12010_2026-06-08,train
12010_2026-06-09,val
12010_2026-06-10,train
12010_2026-06-11,val
12010_2026-06-12,test
12010_2026-06-13,test
12010_2026-06-15,train
12010_2026-06-16,train
12010_2026-06-17,train
12010_2026-06-18,train
12010_2026-06-19,train
12010_2026-06-20,train
12301_2026-05-01,train
12301_2026-05-02,train
12301_2026-05-04,val
12301_2026-05-05,train
12301_2026-05-06,train
12301_2026-05-07,train
12301_2026-05-08,test
12301_2026-05-09,train
12301_2026-05-11,train
12301_2026-05-12,test
12301_2026-05-13,val
12301_2026-05-14,train
12301_2026-05-15,train
12301_2026-05-18,train
12301_2026-05-19,train
12301_2026-05-21,val
12301_2026-05-22,train
12301_2026-05-23,train
12301_2026-05-25,train
12301_2026-05-26,train
12301_2026-05-27,train
12301_2026-05-28,train
12301_2026-05-29,test
12301_2026-05-30,train
12301_2026-06-01,train
12301_2026-06-02,train
12301_2026-06-03,test
12301_2026-06-05,train
12301_2026-06-06,val
12301_2026-06-08,train
12301_2026-06-09,val
12301_2026-06-11,val
12301_2026-06-12,train
12301_2026-06-13,train
12301_2026-06-16,train
12301_2026-06-17,val
12301_2026-06-18,train
12301_2026-06-19,val
12301_2026-06-20,test
12302_2026-05-03,train
12302_2026-05-04,val
12302_2026-05-05,val
12302_2026-05-06,train
12302_2026-05-07,test
12302_2026-05-09,train
12302_2026-05-10,train
12302_2026-05-11,train
12302_2026-05-12,train
12302_2026-05-13,train
12302_2026-05-14,train
12302_2026-05-18,train
12302_2026-05-19,train
12302_2026-05-21,train
12302_2026-05-23,train
12302_2026-05-25,train
12302_2026-05-26,train
12302_2026-05-27,train
12302_2026-05-28,train
12302_2026-05-31,train
12302_2026-06-01,train
12302_2026-06-02,train
12302_2026-06-03,test
12302_2026-06-04,train
12302_2026-06-06,train
12302_2026-06-07,train
12302_2026-06-08,train
12302_2026-06-09,train
12302_2026-06-10,train
12302_2026-06-11,train
12302_2026-06-13,train
12302_2026-06-14,train
12302_2026-06-15,train
12302_2026-06-16,train
12302_2026-06-17,train
12302_2026-06-18,train
12302_2026-06-20,train
12431_2026-05-01,train
12431_2026-05-05,train
12431_2026-05-07,train
12431_2026-05-08,train
12431_2026-05-12,train
12431_2026-05-14,val
12431_2026-05-21,train
12431_2026-05-22,train
12431_2026-05-26,train
12431_2026-05-28,train
12431_2026-05-29,train
12431_2026-06-02,test
12431_2026-06-04,train
12431_2026-06-05,train
12431_2026-06-09,val
12431_2026-06-11,test
12431_2026-06-16,train
12431_2026-06-18,train
12431_2026-06-19,test
12432_2026-05-03,train
12432_2026-05-05,test
12432_2026-05-06,test
12432_2026-05-10,test
12432_2026-05-12,test
12432_2026-05-13,train
12432_2026-05-19,train
12432_2026-05-26,train
12432_2026-05-27,train
12432_2026-05-31,val
12432_2026-06-02,train
12432_2026-06-07,train
12432_2026-06-10,train
12432_2026-06-16,train
12432_2026-06-17,train
12621_2026-05-01,train
12621_2026-05-02,train
12621_2026-05-03,train
12621_2026-05-04,val
12621_2026-05-05,train
12621_2026-05-06,train
12621_2026-05-07,train
12621_2026-05-08,val
12621_2026-05-09,train
12621_2026-05-10,train
12621_2026-05-11,test
12621_2026-05-12,train
12621_2026-05-13,test
12621_2026-05-14,train
12621_2026-05-15,train
12621_2026-05-18,val
12621_2026-05-19,train
12621_2026-05-21,test
12621_2026-05-22,train
12621_2026-05-23,train
12621_2026-05-25,train
12621_2026-05-26,val
12621_2026-05-27,train
12621_2026-05-28,train
12621_2026-05-29,train
12621_2026-05-30,val
12621_2026-05-31,val
12621_2026-06-01,test
12621_2026-06-02,val
12621_2026-06-03,train
12621_2026-06-04,train
12621_2026-06-05,train
12621_2026-06-06,train
12621_2026-06-07,train
12621_2026-06-08,train
12621_2026-06-09,val
12621_2026-06-10,train
12621_2026-06-11,train
12621_2026-06-12,test
12621_2026-06-13,val
12621_2026-06-14,train
12621_2026-06-15,val
12621_2026-06-16,train
12621_2026-06-17,train
12621_2026-06-18,train
12621_2026-06-19,train
12621_2026-06-20,train
12622_2026-05-01,train
12622_2026-05-02,train
12622_2026-05-03,train
12622_2026-05-04,train
12622_2026-05-05,test
12622_2026-05-06,val
12622_2026-05-07,train
12622_2026-05-08,train
12622_2026-05-09,train
12622_2026-05-10,train
12622_2026-05-11,test
12622_2026-05-12,train
12622_2026-05-13,train
12622_2026-05-14,train
12622_2026-05-15,train
12622_2026-05-18,train
12622_2026-05-19,train
12622_2026-05-21,train
12622_2026-05-22,val
12622_2026-05-23,train
12622_2026-05-25,test
12622_2026-05-26,val
12622_2026-05-27,train
12622_2026-05-28,train
12622_2026-05-29,train
12622_2026-05-30,train
12622_2026-05-31,train
12622_2026-06-01,train
12622_2026-06-02,train
12622_2026-06-03,train
12622_2026-06-04,train
12622_2026-06-05,train
12622_2026-06-07,train
12622_2026-06-08,val
12622_2026-06-09,train
12622_2026-06-10,train
12622_2026-06-11,val
12622_2026-06-12,train
12622_2026-06-13,train
12622_2026-06-14,test
12622_2026-06-15,train
12622_2026-06-16,train
12622_2026-06-17,train
12622_2026-06-18,val
12622_2026-06-19,train
12622_2026-06-20,test
12625_2026-05-01,train
12625_2026-05-02,val
12625_2026-05-03,train
12625_2026-05-04,train
12625_2026-05-05,train
12625_2026-05-06,test
12625_2026-05-07,train
12625_2026-05-08,train
12625_2026-05-09,train
12625_2026-05-10,train
12625_2026-05-11,test
12625_2026-05-12,val
12625_2026-05-13,train
12625_2026-05-14,test
12625_2026-05-15,train
12625_2026-05-18,test
12625_2026-05-19,train
12625_2026-05-21,val
12625_2026-05-22,train
12625_2026-05-23,train
12625_2026-05-25,test
12625_2026-05-27,train
12625_2026-05-28,train
12625_2026-05-29,train
12625_2026-05-30,train
12625_2026-05-31,train
12625_2026-06-01,val
12625_2026-06-02,test
12625_2026-06-03,train
12625_2026-06-04,train
12625_2026-06-05,test
12625_2026-06-07,train
12625_2026-06-08,val
12625_2026-06-09,train
12625_2026-06-10,train
12625_2026-06-11,train
12625_2026-06-12,test
12625_2026-06-14,train
12625_2026-06-15,test
12625_2026-06-16,val
12625_2026-06-17,train
12625_2026-06-18,train
12625_2026-06-19,train
12625_2026-06-20,val
12626_2026-05-01,val
12626_2026-05-02,test
12626_2026-05-03,train
12626_2026-05-04,train
12626_2026-05-05,train
12626_2026-05-06,train
12626_2026-05-08,train
12626_2026-05-10,train
12626_2026-05-11,val
12626_2026-05-12,train
12626_2026-05-13,train
12626_2026-05-14,train
12626_2026-05-15,train
12626_2026-05-18,train
12626_2026-05-19,train
12626_2026-05-21,val
12626_2026-05-23,val
12626_2026-05-25,test
12626_2026-05-26,test
12626_2026-05-27,val
12626_2026-05-28,train
12626_2026-05-29,val
12626_2026-05-30,train
12626_2026-05-31,train
12626_2026-06-01,test
12626_2026-06-02,val
12626_2026-06-03,train
12626_2026-06-04,train
12626_2026-06-05,test
12626_2026-06-06,train
12626_2026-06-07,train
12626_2026-06-08,test
12626_2026-06-09,train
12626_2026-06-10,train
12626_2026-06-11,test
12626_2026-06-12,train
12626_2026-06-13,train
12626_2026-06-14,train
12626_2026-06-15,test
12626_2026-06-16,train
12626_2026-06-17,train
12626_2026-06-20,train
12627_2026-05-01,train
12627_2026-05-02,train
12627_2026-05-03,val
12627_2026-05-04,test
12627_2026-05-05,train
12627_2026-05-06,test
12627_2026-05-08,train
12627_2026-05-09,val
12627_2026-05-10,test
12627_2026-05-11,test
12627_2026-05-12,train
12627_2026-05-14,train
12627_2026-05-15,train
12627_2026-05-18,val
12627_2026-05-19,train
12627_2026-05-21,train
12627_2026-05-23,train
12627_2026-05-25,test
12627_2026-05-26,train
12627_2026-05-27,train
12627_2026-05-28,test
12627_2026-05-29,train
12627_2026-05-30,train
12627_2026-05-31,train
12627_2026-06-01,train
12627_2026-06-02,train
12627_2026-06-03,val
12627_2026-06-04,train
12627_2026-06-05,train
12627_2026-06-06,train
12627_2026-06-07,test
12627_2026-06-08,train
12627_2026-06-09,train
12627_2026-06-10,val
12627_2026-06-11,train
12627_2026-06-12,val
12627_2026-06-13,train
12627_2026-06-14,val
12627_2026-06-15,test
12627_2026-06-16,train
12627_2026-06-17,train
12627_2026-06-19,train
12627_2026-06-20,val
12628_2026-05-01,train
12628_2026-05-02,train
12628_2026-05-03,train
12628_2026-05-04,train
12628_2026-05-05,train
12628_2026-05-06,train
12628_2026-05-07,train
12628_2026-05-08,train
12628_2026-05-09,train
12628_2026-05-10,train
12628_2026-05-11,train
12628_2026-05-13,train
12628_2026-05-14,train
12628_2026-05-15,test
12628_2026-05-18,val
12628_2026-05-19,test
12628_2026-05-21,train
12628_2026-05-22,test
12628_2026-05-23,train
12628_2026-05-25,train
12628_2026-05-26,train
12628_2026-05-27,train
12628_2026-05-28,train
12628_2026-05-29,train
12628_2026-05-30,val
12628_2026-05-31,train
12628_2026-06-01,train
12628_2026-06-02,val
12628_2026-06-03,test
12628_2026-06-04,val
12628_2026-06-05,train
12628_2026-06-06,train
12628_2026-06-07,train
12628_2026-06-08,train
12628_2026-06-09,train
12628_2026-06-10,train
12628_2026-06-11,train
12628_2026-06-12,val
12628_2026-06-13,train
12628_2026-06-14,train
12628_2026-06-15,train
12628_2026-06-16,test
12628_2026-06-17,val
12628_2026-06-18,test
12628_2026-06-19,train
12628_2026-06-20,test
12657_2026-05-01,train
12657_2026-05-02,test
12657_2026-05-03,train
12657_2026-05-04,train
12657_2026-05-05,test
12657_2026-05-06,train
12657_2026-05-07,train
12657_2026-05-08,train
12657_2026-05-09,train
12657_2026-05-10,train
12657_2026-05-11,train
12657_2026-05-12,train
12657_2026-05-13,val
12657_2026-05-15,train
12657_2026-05-18,val
12657_2026-05-19,train
12657_2026-05-21,train
12657_2026-05-22,train
12657_2026-05-23,test
12657_2026-05-25,test
12657_2026-05-26,train
12657_2026-05-27,train
12657_2026-05-28,train
12657_2026-05-29,train
12657_2026-05-30,train
12657_2026-05-31,test
12657_2026-06-01,test
12657_2026-06-02,train
12657_2026-06-03,train
12657_2026-06-04,train
12657_2026-06-09,train
12657_2026-06-10,train
12657_2026-06-14,train
12657_2026-06-15,train
12657_2026-06-17,train
12657_2026-06-18,train
12657_2026-06-19,train
12657_2026-06-20,train
12658_2026-05-01,test
12658_2026-05-02,val
12658_2026-05-03,train
12658_2026-05-04,train
12658_2026-05-05,train
12658_2026-05-06,val
12658_2026-05-07,test
12658_2026-05-08,train
12658_2026-05-09,test
12658_2026-05-10,train
12658_2026-05-11,train
12658_2026-05-12,val
12658_2026-05-13,train
12658_2026-05-14,train
12658_2026-05-15,train
12658_2026-05-18,train
12658_2026-05-19,train
12658_2026-05-21,train
12658_2026-05-22,train
12658_2026-05-23,train
12658_2026-05-25,train
12658_2026-05-26,train
12658_2026-05-27,train
12658_2026-05-28,train
12658_2026-05-29,val
12658_2026-05-30,test
12658_2026-05-31,train
12658_2026-06-01,train
12658_2026-06-02,test
12658_2026-06-03,train
12658_2026-06-08,val
12658_2026-06-09,train
12658_2026-06-13,train
12658_2026-06-14,val
12658_2026-06-15,val
12658_2026-06-16,test
12658_2026-06-17,test
12658_2026-06-18,val
12658_2026-06-19,val
12658_2026-06-20,test
12723_2026-05-02,train
12723_2026-05-03,train
12723_2026-05-04,test
12723_2026-05-05,train
12723_2026-05-06,val
12723_2026-05-07,train
12723_2026-05-08,train
12723_2026-05-09,train
12723_2026-05-10,train
12723_2026-05-11,val
12723_2026-05-12,train
12723_2026-05-13,train
12723_2026-05-14,train
12723_2026-05-15,train
12723_2026-05-18,val
12723_2026-05-19,test
12723_2026-05-22,train
12723_2026-05-23,val
12723_2026-05-25,test
12723_2026-05-26,train
12723_2026-05-27,train
12723_2026-05-28,train
12723_2026-05-30,val
12723_2026-05-31,train
12723_2026-06-01,train
12723_2026-06-02,train
12723_2026-06-03,train
12723_2026-06-04,train
12723_2026-06-05,train
12723_2026-06-06,test
12723_2026-06-07,train
12723_2026-06-08,train
12723_2026-06-09,train
12723_2026-06-10,train
12723_2026-06-11,test
12723_2026-06-12,test
12723_2026-06-13,train
12723_2026-06-14,train
12723_2026-06-15,train
12723_2026-06-16,train
12723_2026-06-17,train
12723_2026-06-18,train
12723_2026-06-19,val
12723_2026-06-20,val
12724_2026-05-01,train
12724_2026-05-02,train
12724_2026-05-03,train
12724_2026-05-04,val
12724_2026-05-05,train
12724_2026-05-06,train
12724_2026-05-07,train
12724_2026-05-08,train
12724_2026-05-09,train
12724_2026-05-10,train
12724_2026-05-11,train
12724_2026-05-12,test
12724_2026-05-13,train
12724_2026-05-14,val
12724_2026-05-15,train
12724_2026-05-18,train
12724_2026-05-19,val
12724_2026-05-21,val
12724_2026-05-22,train
12724_2026-05-23,val
12724_2026-05-25,train
12724_2026-05-26,train
12724_2026-05-27,train
12724_2026-05-28,train
12724_2026-05-29,train
12724_2026-05-30,train
12724_2026-05-31,train
12724_2026-06-01,train
12724_2026-06-02,train
12724_2026-06-03,train
12724_2026-06-04,val
12724_2026-06-05,train
12724_2026-06-06,train
12724_2026-06-07,val
12724_2026-06-08,val
12724_2026-06-09,val
12724_2026-06-12,test
12724_2026-06-13,train
12724_2026-06-14,train
12724_2026-06-16,val
12724_2026-06-17,val
12724_2026-06-18,train
12724_2026-06-19,train
12951_2026-05-01,train
12951_2026-05-02,train
12951_2026-05-03,train
12951_2026-05-05,train
12951_2026-05-06,train
12951_2026-05-07,val
12951_2026-05-08,train
12951_2026-05-09,test
12951_2026-05-10,train
12951_2026-05-11,train
12951_2026-05-12,train
12951_2026-05-13,train
12951_2026-05-15,train
12951_2026-05-18,train
12951_2026-05-19,train
12951_2026-05-21,train
12951_2026-05-22,val
12951_2026-05-23,val
12951_2026-05-25,train
12951_2026-05-26,test
12951_2026-05-27,test
12951_2026-05-28,train
12951_2026-05-29,test
12951_2026-05-30,train
12951_2026-05-31,train
12951_2026-06-01,train
12951_2026-06-02,train
12951_2026-06-04,train
12951_2026-06-05,train
12951_2026-06-06,train
12951_2026-06-07,train
12951_2026-06-09,train
12951_2026-06-10,train
12951_2026-06-11,train
12951_2026-06-12,train
12951_2026-06-13,train
12951_2026-06-14,train
12951_2026-06-15,train
12951_2026-06-16,test
12951_2026-06-17,train
12951_2026-06-18,train
12951_2026-06-19,train
12951_2026-06-20,train
12952_2026-05-01,val
12952_2026-05-02,test
12952_2026-05-03,train
12952_2026-05-04,train
12952_2026-05-05,val
12952_2026-05-06,train
12952_2026-05-07,train
12952_2026-05-08,train
12952_2026-05-09,train
12952_2026-05-10,train
12952_2026-05-11,train
12952_2026-05-12,train
12952_2026-05-13,train
12952_2026-05-14,val
12952_2026-05-15,train
12952_2026-05-18,val
12952_2026-05-19,train
12952_2026-05-22,test
12952_2026-05-23,train
12952_2026-05-25,train
12952_2026-05-27,train
12952_2026-05-30,train
12952_2026-05-31,test
12952_2026-06-01,train
12952_2026-06-03,test
12952_2026-06-04,train
12952_2026-06-05,train
12952_2026-06-06,train
12952_2026-06-07,train
12952_2026-06-08,train
12952_2026-06-09,val
12952_2026-06-10,test
12952_2026-06-11,train
12952_2026-06-12,test
12952_2026-06-13,val
12952_2026-06-14,train
12952_2026-06-15,test
12952_2026-06-16,test
12952_2026-06-17,train
12952_2026-06-18,test
12952_2026-06-19,train
12952_2026-06-20,train
